"id","from_currency","to_currency","rate","timestamp"
"000d718f-72d4-4532-a8ed-eec9cf75e3ff","eth","usdt-trc20","3800.00000000","""2025-09-15T06:28:28.743Z"""
"0191cb19-f48c-440f-aaab-20ded234f0a4","btc","usdt-trc20","115265.00000000","""2025-09-14T16:01:58.702Z"""
"0217070c-5a49-493b-b7b3-9de36a341911","usdt-erc20","card-eur","0.92000000","""2025-09-14T16:54:52.954Z"""
"0237d03f-0b99-485c-8f65-b66aa667deb8","eth","usdt-erc20","3800.00000000","""2025-09-14T17:40:23.857Z"""
"026ad033-f013-4c1a-901e-0ff8aeb037ed","usdt-trc20","card-mdl","18.00000000","""2025-09-14T17:15:55.143Z"""
"029bc770-1075-48f3-98ae-a0b59704f2db","usdt-erc20","card-eur","0.92000000","""2025-09-15T04:26:27.005Z"""
"029e6b44-8aff-468d-8511-6649213c5b8f","usdt-erc20","card-usd","1.00000000","""2025-09-14T15:50:39.728Z"""
"03db4166-c132-4312-a5a6-b0589f7bd014","usdt-erc20","card-mdl","18.00000000","""2025-09-14T16:05:58.433Z"""
"040aee47-c2b2-4270-99dd-22ff59d86e3e","btc","card-mdl","1710000.00000000","""2025-09-14T16:23:08.819Z"""
"04b6df37-8e5c-48a3-a526-23676bc16d69","usdt-erc20","card-usd","1.00100000","""2025-09-14T16:05:58.476Z"""
"05861306-92c2-492f-b191-738026d79f43","eth","card-eur","3496.00000000","""2025-09-14T16:23:08.930Z"""
"064aee57-05bf-48d7-a60f-7d000399fc13","usdt-erc20","card-gbp","0.85000000","""2025-09-14T15:50:55.840Z"""
"067cc514-083f-45ef-a2f8-ffc002f625c6","usdt-trc20","card-usd","1.00000000","""2025-09-14T16:05:58.454Z"""
"0688536f-0d8d-4de2-a859-d3f5511a44a6","eth","usdc","3800.00000000","""2025-09-15T04:26:27.343Z"""
"07f9955e-64ba-4b43-8d47-2eb326d590f1","usdt-trc20","card-usd","1.00100000","""2025-09-14T16:54:52.886Z"""
"080fc1e1-48af-452d-82bd-e41738d27e82","btc","card-mdl","1710000.00000000","""2025-09-14T16:01:58.571Z"""
"08d2eadd-ee4e-4701-beed-e24ee92d4d5e","eth","card-eur","3496.00000000","""2025-09-15T16:18:44.096Z"""
"091a3ad8-a3b3-4aa3-add4-37a49fa4ee0f","eth","card-mdl","68400.00000000","""2025-09-15T05:16:14.770Z"""
"0926e2ce-8e77-46e8-86bd-2a9b39db44f3","usdt-erc20","card-eur","0.92000000","""2025-09-15T05:16:14.628Z"""
"09f38682-f17e-4388-a2ab-0a7a98b9a02a","eth","card-usd","3800.00000000","""2025-09-15T07:26:44.673Z"""
"0adf9b82-a191-4ec9-8db5-e1c86431563f","btc","card-usd","95000.00000000","""2025-09-14T16:23:08.842Z"""
"0bc2a86c-e387-40b3-a1a5-05bbcc09e1b8","ada","card-rub","84.55000000","""2025-09-14T15:50:53.090Z"""
"0bca1b23-2a57-4ebf-8fff-c95ad700838e","usdc","card-usd","0.99980700","""2025-09-14T18:10:23.353Z"""
"0bcba313-0da4-4c83-acc8-46be4f1a7401","usdc","card-eur","0.92000000","""2025-09-14T16:05:58.565Z"""
"0c2e1c9d-e268-4674-a4ac-125854988097","btc","card-eur","87400.00000000","""2025-09-14T16:39:53.826Z"""
"0c6bc5cd-0b18-4c5d-b53c-ea06affcbdb9","usdt-erc20","card-mdl","18.00000000","""2025-09-14T16:39:53.614Z"""
"0cdbb585-9b42-4765-9d78-5f1612087e0e","btc","card-eur","87400.00000000","""2025-09-15T04:26:27.128Z"""
"0f14ca4b-c5f6-4129-a650-1e5880f899f7","eth","card-mdl","68400.00000000","""2025-09-14T16:39:53.850Z"""
"0f37555e-d688-4aec-b5f0-f64989282acd","usdt-trc20","card-mdl","18.00000000","""2025-09-14T17:55:22.679Z"""
"0fcffcbf-efa4-4559-b24b-97d3f3059a02","usdt-trc20","card-usd","1.00100000","""2025-09-14T16:01:58.430Z"""
"0fd4f392-c6eb-45fa-b892-3e8245df4f46","usdt-erc20","card-mdl","18.00000000","""2025-09-14T16:01:58.408Z"""
"10d1ede4-e993-4bbc-9fae-e45d839757f6","btc","card-usd","95000.00000000","""2025-09-14T16:39:53.804Z"""
"10e1a396-57bb-4378-8f15-79dac1cda74d","btc","card-mdl","1710000.00000000","""2025-09-15T03:54:22.526Z"""
"113a6d25-4b8e-4705-9d9f-8997cf5e7aa1","btc","usdt-trc20","115348.00000000","""2025-09-14T16:07:56.617Z"""
"114e44b2-8099-4a86-8bae-1af3964663be","usdt-trc20","card-eur","0.92000000","""2025-09-15T04:26:26.982Z"""
"11dc5e74-cbf1-463e-9425-f1a106bf9cf9","ada","card-gbp","0.76000000","""2025-09-14T15:50:55.840Z"""
"12254a4f-4c75-46a0-a8e7-066f02ab93a5","usdt-trc20","card-eur","0.92000000","""2025-09-15T03:54:22.433Z"""
"12b57354-5366-49ad-a6de-eb6afa83ca32","usdc","eth","0.00021500","""2025-09-14T15:50:30.588Z"""
"1362a113-a0f6-4a5c-9407-b7bcb23735bf","eth","card-usd","4642.45000000","""2025-09-14T15:50:39.728Z"""
"1383912e-9f8b-4686-a895-efd09ea7fad2","usdc","card-eur","0.92000000","""2025-09-15T16:33:40.733Z"""
"13ea73a7-d14c-4995-9b3b-6ad8e1c86f3e","usdt-trc20","card-usd","1.00000000","""2025-09-14T15:50:39.728Z"""
"14c76932-e5db-4211-9080-512220ad4908","bnb","card-gbp","790.50000000","""2025-09-14T15:50:55.840Z"""
"15baef94-1ba1-4dcb-852f-358e3567d0af","usdc","card-usd","0.99980700","""2025-09-14T18:35:36.595Z"""
"15bce80a-fb09-4879-9a4e-0e617d0b1fa7","usdc","card-usd","0.99980000","""2025-09-14T16:54:52.977Z"""
"15e7ba6d-29fe-4c05-884d-a75d81b04efc","usdt-trc20","card-eur","0.92000000","""2025-09-14T17:40:23.560Z"""
"16640a2d-800d-4ab1-931d-eb7bc7abe300","btc","card-usd","95000.00000000","""2025-09-14T16:05:58.609Z"""
"17548f1c-6bdb-4993-a63a-9f411211a787","btc","card-usd","95000.00000000","""2025-09-15T16:33:40.776Z"""
"177188fc-ffe7-4b82-beae-d82ccf0c0e5e","eth","usdc","3800.00000000","""2025-09-14T17:15:55.594Z"""
"181e8cd0-185c-4499-ba1c-4e769af1feaa","usdc","card-eur","0.92000000","""2025-09-14T18:54:20.853Z"""
"1856e23c-e3f3-42d0-9ec0-fac0069808e3","eth","card-eur","3496.00000000","""2025-09-14T18:10:23.524Z"""
"191babe3-bf32-4e5a-8931-e249a161dbaf","usdt-trc20","card-usd","1.00000000","""2025-09-15T07:11:45.234Z"""
"19752103-027b-40af-a2af-f42d62a673f8","eth","card-usd","3800.00000000","""2025-09-14T16:54:53.117Z"""
"1a028010-9d89-4783-8a74-bed34c2ee3c7","usdt-erc20","card-usd","1.00100000","""2025-09-15T06:28:28.417Z"""
"1a31b4d0-b94a-4e8d-90f4-25807d7b421e","ltc","card-usd","120.02000000","""2025-09-14T15:50:39.728Z"""
"1adfb321-640c-4900-b913-22d90bd29f6f","btc","usdt-trc20","115558.44155844","""2025-09-14T17:40:23.773Z"""
"1b4c4333-c74d-4043-a3dc-25e7e2451eee","usdt-erc20","usdt-trc20","1.00050000","""2025-09-14T15:51:25.465Z"""
"1b626ef3-e321-44f4-8245-0c9b7f20d7cf","usdt-erc20","card-eur","0.92000000","""2025-09-15T03:54:22.457Z"""
"1cb1da8d-162e-4f1c-ab3a-f44cee046e8f","eth","usdt-trc20","3800.00000000","""2025-09-15T04:26:27.295Z"""
"1cd04bd4-4e85-44a5-af76-2581093ee81d","eth","card-usd","3800.00000000","""2025-09-14T17:55:22.960Z"""
"1d1a05f8-5421-4709-9a30-cc9a304ac148","usdt-erc20","card-mdl","18.00000000","""2025-09-14T17:55:22.710Z"""
"1deff804-5314-4c8f-b25b-414c01a32f12","btc","card-usd","95000.00000000","""2025-09-15T05:16:14.727Z"""
"1e323142-3455-4b95-a328-0b66f022ff5a","btc","usdt-erc20","95000.00000000","""2025-09-15T07:11:45.540Z"""
"1f10eece-7537-4d6c-8746-24da78a33f37","ada","card-mdl","16.47000000","""2025-09-14T15:51:04.680Z"""
"1f57eb23-ab8b-402d-b9d1-49a0c3d44d58","usdt-trc20","ada","1.12360000","""2025-09-14T15:50:28.396Z"""
"2006a5fe-4c7a-41c8-b46b-5048e600c3de","usdc","usdt-trc20","0.99960000","""2025-09-14T15:51:25.465Z"""
"205c8c3a-6351-42fd-8e35-f1c228aa650c","btc","usdt-erc20","115333.00000000","""2025-09-14T16:05:58.739Z"""
"20bc44a9-f89e-4427-8410-b34941a30347","eth","card-mdl","68400.00000000","""2025-09-15T16:18:44.055Z"""
"210e779b-c3aa-472d-a481-f9b2c723b590","btc","usdc","95000.00000000","""2025-09-14T17:55:23.052Z"""
"2126b41f-9a35-4c1a-a5fc-84ce789774c3","eth","card-mdl","68400.00000000","""2025-09-14T18:54:20.970Z"""
"214e27fd-8fc2-4c59-87c0-afbd94ab249f","usdt-erc20","card-usd","1.00000000","""2025-09-15T16:33:40.643Z"""
"22c9e519-766e-470c-a059-a0e786e4a93e","eth","usdt-trc20","3800.00000000","""2025-09-14T18:35:36.864Z"""
"237e7ec5-16fb-471d-a2ef-76b3be782234","eth","usdt-erc20","3800.00000000","""2025-09-15T03:54:22.758Z"""
"23b8c712-997a-4372-9a41-08aaa6c8faae","usdc","card-eur","0.92000000","""2025-09-14T18:10:23.377Z"""
"23e13751-bde7-4efb-8cd9-42e5397c2cd8","eth","card-gbp","3946.08000000","""2025-09-14T15:50:55.840Z"""
"240840a9-ed1a-431a-88b6-399a17e4052a","usdt-trc20","card-eur","0.92000000","""2025-09-14T17:55:22.781Z"""
"24e8062a-f725-4173-8038-89e3b9a29612","eth","usdc","4594.84000000","""2025-09-14T16:07:56.724Z"""
"2588f29d-d128-44b3-bce6-6f365ee6ad21","eth","usdc","4583.96000000","""2025-09-14T16:03:56.330Z"""
"25acb0f6-f266-4afb-a789-5a11ef8a9313","btc","usdt-erc20","95000.00000000","""2025-09-14T18:35:36.818Z"""
"25cce721-5762-4e1c-b233-53caca85f80d","usdt-trc20","card-eur","0.92000000","""2025-09-15T05:16:14.607Z"""
"25ce7e57-8c3f-43ed-89f3-8b4ce6a14159","usdt-trc20","card-eur","0.92000000","""2025-09-15T16:18:43.903Z"""
"25efad3a-860a-490e-a051-97ec7653b453","eth","card-usd","3800.00000000","""2025-09-14T16:07:56.572Z"""
"25f35e3d-80e8-483c-8eac-e664af9bf4ea","usdc","card-eur","0.92000000","""2025-09-15T03:54:22.503Z"""
"271498fc-5ef8-4682-a277-2d7cd235a945","usdt-trc20","card-mdl","18.00000000","""2025-09-14T16:54:52.828Z"""
"27a9050f-55b1-4e63-9e35-ca3c5cbad90f","btc","usdt-trc20","115871.86000000","""2025-09-14T15:50:20.041Z"""
"27c7024a-fb9f-4251-8355-a4769ca32745","usdt-erc20","card-mdl","18.00000000","""2025-09-15T05:16:14.540Z"""
"2871eb0e-e4f7-4799-804e-05fac29974ae","eth","card-usd","3800.00000000","""2025-09-14T18:10:23.500Z"""
"2924bf25-4f85-4cb7-baa9-4aaee4b815a6","eth","card-eur","3496.00000000","""2025-09-15T16:33:40.864Z"""
"29c150d8-9921-49ad-ade0-2d2ed0623d54","eth","usdt-erc20","3800.00000000","""2025-09-14T16:23:09.048Z"""
"29fde10c-c887-421e-97ef-892ab72c1b37","usdc","card-rub","95.00000000","""2025-09-14T15:50:53.090Z"""
"2a034dc7-eb4f-46d3-a8ef-fd80d440ff8b","usdt-trc20","card-mdl","18.50000000","""2025-09-14T15:51:04.680Z"""
"2a095331-c310-47e4-abcc-26216c994764","usdc","card-eur","0.92000000","""2025-09-14T17:40:23.624Z"""
"2ad69334-ddbf-4a14-ba49-3538774f5c8e","usdt-trc20","card-usd","1.00100000","""2025-09-14T16:23:08.680Z"""
"2af49af2-c8d3-4979-96e3-b029815ff1cd","btc","usdt-erc20","95000.00000000","""2025-09-14T17:40:23.795Z"""
"2b118b38-5db6-42f3-80eb-9d03f1d5a5de","eth","card-usd","3800.00000000","""2025-09-15T06:28:28.623Z"""
"2b7751d5-b18d-4158-bca9-83222dc9d64b","eth","usdt-trc20","3800.00000000","""2025-09-15T16:33:40.952Z"""
"2bcbc118-9d1b-429f-924d-e8718743222c","usdt-erc20","card-mdl","18.00000000","""2025-09-14T17:15:55.177Z"""
"2cb5d93b-a03c-4419-a229-25a0b2c9d24c","eth","card-mdl","68400.00000000","""2025-09-14T18:10:23.471Z"""
"2ccf4984-4e3d-4372-8681-d290812ac8d8","eth","card-mdl","68400.00000000","""2025-09-15T03:54:22.596Z"""
"2cf29842-76b4-4b2e-b13d-82af10df3f21","eth","usdc","3800.00000000","""2025-09-14T16:39:54.031Z"""
"2cf617bc-05c6-49e1-976a-37db5ec7813c","usdc","card-eur","0.92000000","""2025-09-14T16:07:56.463Z"""
"2d171882-2c25-4829-ac53-959dfd905129","bnb","usdt-trc20","930.00000000","""2025-09-14T15:50:20.041Z"""
"2e2cd176-15e4-441e-96a2-8d6492abccc6","btc","card-usd","95000.00000000","""2025-09-14T16:07:56.507Z"""
"2e333ca0-84ff-4c49-bf08-fd1b44575f9a","usdc","card-eur","0.92000000","""2025-09-15T05:16:14.671Z"""
"2f4b51b1-9f13-4132-a41a-82a931febdbd","bnb","card-eur","794.87000000","""2025-09-14T15:50:43.618Z"""
"2f63559e-b8c7-4726-9b76-2da0a5e13271","eth","usdt-trc20","3800.00000000","""2025-09-14T17:15:55.547Z"""
"30b79a09-f76f-4c85-86c9-4aab613e2e27","usdt-trc20","card-usd","1.00100000","""2025-09-15T04:26:26.934Z"""
"31ae0a5c-0829-40b3-b036-555ed34df81e","btc","usdt-trc20","115889.11088911","""2025-09-15T04:26:27.224Z"""
"31b5e776-8346-403e-9ee5-00cd833d4741","eth","card-eur","3496.00000000","""2025-09-14T16:39:53.895Z"""
"33235629-facd-4142-99d6-f9ab54a1e6da","usdt-erc20","card-eur","0.92000000","""2025-09-14T17:40:23.582Z"""
"335c5fc1-fa3e-4f70-ab3d-c686a648e2fd","btc","usdc","95000.00000000","""2025-09-15T07:26:44.764Z"""
"33cda647-786c-42e9-8ae3-3bb086cb8710","btc","card-usd","95000.00000000","""2025-09-14T16:03:56.111Z"""
"347113d0-7879-44ec-9367-4d7ecd7087d3","eth","card-eur","3968.33000000","""2025-09-14T15:50:43.618Z"""
"347d632e-35d0-41c6-aff0-ede6301fe5af","usdt-erc20","card-eur","0.92000000","""2025-09-14T16:05:58.520Z"""
"34d47754-c184-4e6b-b05a-a226ca71131a","btc","card-eur","87400.00000000","""2025-09-14T16:01:58.615Z"""
"3502b3d8-70c7-461b-83c8-a29335e20972","btc","card-usd","95000.00000000","""2025-09-15T06:28:28.556Z"""
"353f25fc-a2d8-4d8f-be0d-761c5f848d89","eth","card-usd","3800.00000000","""2025-09-15T16:18:44.076Z"""
"3590c8f3-0f86-4a9e-8c23-eb6bee37bed1","usdt-trc20","card-usd","1.00000000","""2025-09-15T07:26:44.436Z"""
"36f23f84-b3fe-41df-a626-f2f3e62ff149","btc","card-eur","87400.00000000","""2025-09-14T16:03:56.133Z"""
"3782c59c-a5ed-440a-973f-8846930ad656","usdt-trc20","ltc","0.00833300","""2025-09-14T15:50:28.396Z"""
"37b07995-f6fb-40b6-89a3-124909b71f73","usdt-erc20","card-mdl","18.00000000","""2025-09-15T07:26:44.412Z"""
"38679bea-d82c-43b1-b0b1-fd9be46a2ba0","ada","usdt-trc20","0.89000000","""2025-09-14T15:50:20.041Z"""
"3886a6fc-51a0-487a-a404-d436a45d19d9","eth","usdc","3800.00000000","""2025-09-14T16:23:09.070Z"""
"3949b74b-216a-41a9-b318-36a7d13c2bc6","btc","usdc","95000.00000000","""2025-09-14T16:23:08.998Z"""
"3ae2d7a2-f2ca-454d-9d8c-18ad1b837e35","btc","card-mdl","1710000.00000000","""2025-09-14T16:03:56.089Z"""
"3af9f9ab-41d2-4e24-86c0-6cfd96615f07","usdt-trc20","card-eur","0.92000000","""2025-09-14T18:35:36.551Z"""
"3bdef69a-e849-4231-a23e-d0fcc29aa497","usdt-erc20","card-mdl","18.00000000","""2025-09-14T18:54:20.699Z"""
"3c76b482-0faa-40a4-bc7a-11ae141d9f8a","usdt-trc20","card-eur","0.92000000","""2025-09-15T06:28:28.440Z"""
"3cde2431-41ea-4a02-a8d9-c350387798ef","btc","card-mdl","1710000.00000000","""2025-09-15T05:16:14.693Z"""
"3d3a0d50-877d-456d-934d-23c67556f3ed","eth","card-eur","3496.00000000","""2025-09-14T16:01:58.680Z"""
"3d439d70-ae44-40c1-b4e6-92a3d638c6b6","eth","card-usd","3800.00000000","""2025-09-14T16:03:56.177Z"""
"3d93a944-0425-479d-be6f-c79e9137cab0","btc","card-usd","95000.00000000","""2025-09-15T07:26:44.603Z"""
"3da3821b-993e-4804-ab5d-bda5ae3b0c9e","btc","usdc","95000.00000000","""2025-09-14T16:39:53.963Z"""
"3db1be80-4c95-44f8-853e-7fa670180a0e","usdt-erc20","card-mdl","18.00000000","""2025-09-14T17:40:23.493Z"""
"3db6a9c8-5c2c-4799-b775-4fd2af1a6891","btc","card-usd","95000.00000000","""2025-09-14T17:40:23.667Z"""
"3e331b57-38b9-4396-bb26-dc84490011e0","usdt-erc20","card-usd","1.00100000","""2025-09-15T04:26:26.959Z"""
"3ebfaa7c-0dc6-4511-a0b2-5127fc27fd06","usdt-erc20","card-usd","1.00100000","""2025-09-14T18:54:20.752Z"""
"3edfdd0c-1596-48bd-a308-d07037c7b298","usdt-erc20","card-usd","1.00000000","""2025-09-15T07:11:45.257Z"""
"3ee68c39-3286-48a6-8412-900f3d98ccfa","usdt-erc20","card-eur","0.92000000","""2025-09-14T16:23:08.750Z"""
"3f56cbee-4e98-4eed-90af-e67e4f94bce7","eth","card-mdl","68400.00000000","""2025-09-15T04:26:27.152Z"""
"3fda79b1-c9be-4702-9e36-07d99520d11b","usdt-erc20","card-usd","1.00100000","""2025-09-14T16:54:52.909Z"""
"40204cfc-f783-4f75-a2a6-c89fab09879c","eth","btc","0.04000000","""2025-09-14T15:51:17.998Z"""
"40a19e60-9b0b-4468-b2f5-6a770c0fffe0","btc","card-eur","87400.00000000","""2025-09-14T16:07:56.529Z"""
"41375623-9c47-4f31-b740-fda14b39c224","eth","card-mdl","68400.00000000","""2025-09-14T17:15:55.411Z"""
"41773ee1-bcb3-4f28-8b63-6e83add77e98","usdt-trc20","card-eur","0.92000000","""2025-09-14T16:07:56.392Z"""
"417d4830-1662-455d-a08b-7505f06aee4c","eth","usdt-trc20","4583.96000000","""2025-09-14T16:03:56.285Z"""
"419893e1-7a46-43b5-87b3-4dc1da999157","usdc","card-eur","0.92000000","""2025-09-14T18:35:36.618Z"""
"423d2638-e78d-4f61-8288-5d3e49c81ee6","eth","usdc","3800.00000000","""2025-09-14T18:35:36.912Z"""
"4244945c-3dc9-4e8b-902e-de01bee06b83","btc","usdt-erc20","95000.00000000","""2025-09-14T16:54:53.184Z"""
"4268615f-aa2c-4f48-a2f9-76200fa20c5c","usdt-trc20","card-mdl","18.00000000","""2025-09-14T16:39:53.581Z"""
"42cd1046-b72a-4dba-9770-15ed4d546dc0","usdt-erc20","card-usd","1.00100000","""2025-09-14T18:35:36.528Z"""
"435cebf2-59a3-4c4e-96ba-f44b5db4857b","usdt-trc20","card-mdl","18.00000000","""2025-09-15T03:54:22.330Z"""
"4392ff0d-a1e3-48bf-8e20-3e20f6258c51","bnb","usdt-erc20","930.00000000","""2025-09-14T15:50:20.041Z"""
"43bed2a2-6c92-4fb0-9300-09992b4f64a1","eth","usdt-erc20","4642.45000000","""2025-09-14T15:50:20.041Z"""
"43cb435d-8409-44ac-8b9a-b3c8bdd9a19d","btc","usdt-trc20","115385.61438561","""2025-09-14T16:54:53.162Z"""
"43f6ab68-6b6c-4781-b5e6-13b1074df7c6","usdt-trc20","card-eur","0.92000000","""2025-09-15T07:11:45.282Z"""
"44839bd1-773e-4a32-9853-77aa8bf4a70c","usdt-trc20","card-mdl","18.00000000","""2025-09-15T04:26:26.875Z"""
"44af36bf-ebd6-4aff-bc9a-86c90fd275c5","eth","usdt-trc20","3800.00000000","""2025-09-14T17:55:23.074Z"""
"452bae30-03d4-401e-9da2-bed95705e20d","eth","card-eur","3496.00000000","""2025-09-15T07:26:44.696Z"""
"46578130-ae9f-4e3c-a5a7-43a09bb28d31","eth","usdc","4642.45000000","""2025-09-14T15:50:30.588Z"""
"46c6d6a0-5b93-45a2-b09d-8316e83d43d0","eth","card-mdl","68400.00000000","""2025-09-14T17:55:22.938Z"""
"46e6c44c-9c1d-4fd5-8222-d925c595bedd","btc","card-eur","87400.00000000","""2025-09-15T07:11:45.426Z"""
"47ca6948-cf5f-4094-b897-063b0918eddd","btc","card-mdl","1710000.00000000","""2025-09-14T16:54:53.024Z"""
"484d9752-9917-4c45-99aa-d70e84184953","eth","card-eur","3496.00000000","""2025-09-15T05:16:14.814Z"""
"48be6421-e37f-4d00-ac0c-8cb431490b98","usdt-erc20","ada","1.12360000","""2025-09-14T15:50:28.396Z"""
"48e7fca9-0e46-4b90-8e84-d9c2d2dddbb8","btc","usdt-erc20","95000.00000000","""2025-09-15T04:26:27.247Z"""
"48f9dfdb-5b17-4c47-bf96-ade18d0ca47e","usdc","card-eur","0.92000000","""2025-09-14T16:03:56.067Z"""
"492ebeb3-1e91-479f-b0b2-a6700d5fe0be","usdt-trc20","eth","0.00021500","""2025-09-14T15:50:28.396Z"""
"497202d1-8483-4567-a0e8-c4c8341530b8","eth","card-mdl","68400.00000000","""2025-09-14T16:54:53.094Z"""
"497567a1-6c47-4209-9056-653adb617c83","btc","card-eur","87400.00000000","""2025-09-14T17:40:23.688Z"""
"4999a404-a168-4cff-8568-9f82c0ce93ba","usdt-trc20","usdt-erc20","0.99950000","""2025-09-14T15:51:25.465Z"""
"49d11fae-343f-443a-a166-67963eaf94ca","btc","usdt-trc20","116082.91708292","""2025-09-15T05:16:14.835Z"""
"4a43b908-d4bf-48cd-8892-18b8a3020144","usdt-erc20","card-eur","0.92000000","""2025-09-15T16:18:43.926Z"""
"4a750d61-d6f0-405f-87a0-186185f6ae04","btc","card-eur","87400.00000000","""2025-09-15T06:28:28.578Z"""
"4b953ae6-7174-4434-b65b-54825f665b42","usdt-trc20","card-usd","1.00100000","""2025-09-15T03:54:22.387Z"""
"4c08ada8-de93-49b1-9c97-c65fff1b083a","btc","card-eur","87400.00000000","""2025-09-14T17:15:55.389Z"""
"4c11e1e3-21a8-4e6a-b73c-14378052d93e","usdt-erc20","card-mdl","18.00000000","""2025-09-14T16:23:08.656Z"""
"4c40ea95-cb17-4a03-a3e1-6e1d8e79b1c5","eth","card-mdl","68400.00000000","""2025-09-14T18:35:36.709Z"""
"4cbf08ca-06a6-4ed7-8565-0109fd69abab","btc","usdt-erc20","95000.00000000","""2025-09-14T18:54:21.068Z"""
"4ccc9358-a7f5-4f1a-bfd2-8b061fe6daae","eth","usdt-trc20","3800.00000000","""2025-09-14T17:40:23.837Z"""
"4cf40cdf-2086-4a14-8f0d-9da746609780","eth","card-mdl","68400.00000000","""2025-09-14T16:05:58.652Z"""
"4d0942e2-8de1-4594-a387-c12967c05d8e","usdt-erc20","card-eur","0.92000000","""2025-09-15T07:11:45.305Z"""
"4d344aca-baee-4a1e-a4cb-dfbb248a14c2","btc","usdc","95000.00000000","""2025-09-15T07:11:45.563Z"""
"4e63852b-7061-4e3d-903a-6216827fe134","btc","card-eur","87400.00000000","""2025-09-15T07:26:44.627Z"""
"4eb573a5-87f6-40e4-9027-cca0639cd4b3","btc","card-mdl","2143629.41000000","""2025-09-14T15:51:04.680Z"""
"4edec1ce-04c9-4ae6-a832-ba15674fb855","usdt-trc20","card-usd","1.00100000","""2025-09-14T18:10:23.258Z"""
"4f74eb7e-59f7-4319-afcd-6fe49f031b03","btc","card-eur","87400.00000000","""2025-09-14T16:54:53.071Z"""
"4f9f8f9a-fb80-4739-9a1d-695fa70867b3","usdt-erc20","card-usd","1.00100000","""2025-09-14T16:07:56.370Z"""
"50ac8001-503b-4a81-ab87-3f3ac32cbfb5","btc","card-usd","95000.00000000","""2025-09-14T17:55:22.893Z"""
"51084aff-162d-4275-bd8e-a1f82b37b98c","btc","card-usd","95000.00000000","""2025-09-14T17:15:55.363Z"""
"513cebf9-032f-48a1-8717-14314b46dd81","usdt-trc20","card-usd","1.00100000","""2025-09-14T16:03:55.938Z"""
"515aae43-b058-486b-9511-ebfca49a4cbb","usdt-trc20","card-mdl","18.00000000","""2025-09-14T16:05:58.382Z"""
"52c2d7d9-160e-41f1-90b6-f07d1a53ca3e","eth","usdt-erc20","3800.00000000","""2025-09-15T07:26:44.812Z"""
"531066e8-b536-4bea-b7e9-7dc31c98f6f0","eth","card-usd","3800.00000000","""2025-09-15T07:11:45.471Z"""
"53774046-eb5b-42c4-8497-90d16b963b32","usdt-erc20","bnb","0.00107500","""2025-09-14T15:50:28.396Z"""
"54258082-f762-4756-a80b-cd65b5d838a2","eth","usdt-erc20","3800.00000000","""2025-09-15T06:28:28.765Z"""
"544d01c0-e1da-46f7-9c8a-d13f22a69b2e","usdt-erc20","card-mdl","18.00000000","""2025-09-15T16:18:43.837Z"""
"54ea4364-eea2-4cdd-828d-fd0667b22b06","eth","usdc","3800.00000000","""2025-09-14T18:54:21.169Z"""
"54ffa418-0c45-4e3b-b2c5-f799bab0e232","eth","usdt-trc20","3800.00000000","""2025-09-15T03:54:22.736Z"""
"555f4e02-ad3b-4e8e-96c9-5955726550af","eth","usdt-erc20","4583.96000000","""2025-09-14T16:03:56.307Z"""
"5564bbbf-a792-430f-b838-ba84fa3b9b79","btc","card-eur","87400.00000000","""2025-09-14T18:54:20.944Z"""
"55817b33-3d69-4fdf-88b9-4416145e37a9","eth","card-eur","3496.00000000","""2025-09-14T18:35:36.773Z"""
"55afefb8-06ce-4780-8e6e-47ad8b88e730","usdt-trc20","card-usd","1.00100000","""2025-09-14T17:55:22.732Z"""
"567d0a88-4330-4b5e-a5b5-4ad2c428dec5","usdt-trc20","card-usd","1.00100000","""2025-09-14T18:35:36.505Z"""
"56bfb034-de01-4f9c-8495-d58c4c7b74b7","btc","card-mdl","1710000.00000000","""2025-09-15T16:33:40.754Z"""
"56c23a54-99d3-4ad8-8938-323bf64e93ff","eth","card-eur","3496.00000000","""2025-09-15T06:28:28.648Z"""
"573d589c-8639-4b74-932f-02853964a0d9","btc","usdc","95000.00000000","""2025-09-14T16:03:56.263Z"""
"5a8656c7-826f-4b59-bd15-ed3ba3c3b718","btc","card-eur","87400.00000000","""2025-09-15T16:33:40.799Z"""
"5aad4b37-a06b-4ec8-901e-0a00ee3558be","btc","card-usd","95000.00000000","""2025-09-14T18:54:20.918Z"""
"5c38a4e1-7352-4a94-b5e5-dbcbfe902a0c","btc","usdt-trc20","115416.58341658","""2025-09-14T17:15:55.479Z"""
"5cfa1d33-fad7-41f4-903e-60bef7892632","usdt-erc20","card-eur","0.92000000","""2025-09-15T16:33:40.686Z"""
"5d10463d-f5e1-4849-a3e3-4acd81976b18","btc","card-eur","87400.00000000","""2025-09-14T18:10:23.447Z"""
"5db4c9e2-ee97-442c-bbc3-6f3149101a3e","btc","usdt-erc20","95000.00000000","""2025-09-14T16:39:53.940Z"""
"5dc6a898-8bd5-4b7d-90a3-7801df23f6aa","usdc","card-mdl","18.50000000","""2025-09-14T15:51:04.680Z"""
"5e6c4156-2547-4b8f-8847-49a90312a241","btc","card-mdl","1710000.00000000","""2025-09-14T18:35:36.640Z"""
"5e9745dc-783f-48ec-952c-88f1b95e6a2a","eth","card-eur","3496.00000000","""2025-09-15T04:26:27.200Z"""
"5fd26b44-5a6e-4cb7-8c6c-4cb33258dc73","usdt-erc20","card-eur","0.92000000","""2025-09-14T16:07:56.415Z"""
"5fed2931-67a7-45e6-aace-4e3f3a2941d5","usdc","card-gbp","0.85000000","""2025-09-14T15:50:55.840Z"""
"60dfd977-b488-4d40-94c3-69d895ce3fa4","ada","usdt-erc20","0.89000000","""2025-09-14T15:50:20.041Z"""
"6107e944-b445-4343-a1a5-6ec8c3ba04ba","usdt-trc20","card-usd","1.00100000","""2025-09-14T17:40:23.515Z"""
"6113d110-ca33-4658-99fb-50c72a52ab4a","usdt-trc20","card-mdl","18.00000000","""2025-09-14T16:01:58.372Z"""
"61635ff1-523d-4913-ac6e-b32114c14591","usdt-trc20","card-gbp","0.85000000","""2025-09-14T15:50:55.840Z"""
"62013622-5f92-4714-b8db-40ebbb4212a6","eth","usdc","3800.00000000","""2025-09-14T17:40:23.879Z"""
"6373d827-5ea7-4d93-b41a-d874c9c6dbc1","btc","card-eur","87400.00000000","""2025-09-14T18:35:36.687Z"""
"64ed122b-d2cc-4504-b08a-da27723c8a3a","usdt-erc20","card-usd","1.00100000","""2025-09-15T03:54:22.410Z"""
"658ee30e-442f-4df3-a9a6-a755299a0979","eth","usdc","3800.00000000","""2025-09-14T16:01:58.812Z"""
"6592ea7c-6ed1-45df-a1ef-d5c0444791d6","usdt-trc20","card-mdl","18.00000000","""2025-09-15T16:18:43.804Z"""
"65d293c0-1b8d-43ca-931b-eed72b20293c","eth","usdt-erc20","3800.00000000","""2025-09-14T16:01:58.790Z"""
"66506d9d-2ed9-416d-879c-b26a7a9df7b6","btc","card-mdl","1710000.00000000","""2025-09-14T17:40:23.645Z"""
"6736d9c0-e222-4c3c-b904-ee29c827cefc","usdc","card-eur","0.92000000","""2025-09-14T16:39:53.756Z"""
"6747ead4-3406-449d-a2e9-2c0933ae9023","eth","usdc","3800.00000000","""2025-09-15T05:16:14.943Z"""
"67e1d40a-9164-4dbb-b8e7-e0b28c4ce3ac","usdc","card-eur","0.92000000","""2025-09-15T04:26:27.052Z"""
"67ffabe6-95b5-4e19-abca-5b7c0e4d61e0","usdt-trc20","bnb","0.00107500","""2025-09-14T15:50:28.396Z"""
"684339e9-176b-4df0-9709-df683efa9b03","eth","usdt-trc20","3800.00000000","""2025-09-14T18:10:23.618Z"""
"698f4aba-5395-4991-b330-884d7afdc6da","usdc","card-eur","0.85500000","""2025-09-14T15:50:43.618Z"""
"69c05ce2-72b0-4f7f-a9ca-c4105f59cb0b","btc","card-mdl","1710000.00000000","""2025-09-15T07:11:45.375Z"""
"6ad7fa60-77af-4be2-9530-371dad00a8cd","usdc","card-usd","0.99976900","""2025-09-15T07:26:44.534Z"""
"6b06229a-d9b3-4717-9237-e20022c25019","usdt-erc20","card-eur","0.92000000","""2025-09-14T17:55:22.804Z"""
"6b071db4-5366-4d3f-bc70-60a94d79c9b1","usdt-erc20","card-mdl","18.00000000","""2025-09-14T16:03:55.916Z"""
"6b142739-e1b4-4021-a70e-009984b3fc37","eth","card-mdl","68400.00000000","""2025-09-15T16:33:40.821Z"""
"6bee2756-e7ad-4f5e-b8d2-14ef038c7933","usdt-erc20","card-usd","1.00000000","""2025-09-15T07:26:44.458Z"""
"6c18cf9b-ec3d-430c-b560-e1e93825ad59","eth","usdt-erc20","3800.00000000","""2025-09-15T05:16:14.922Z"""
"6c2228f6-e28d-44b9-8fa8-0b3058ea562e","btc","card-eur","87400.00000000","""2025-09-15T05:16:14.748Z"""
"6c815171-67e5-40e8-ae58-857637e5c3f2","usdt-trc20","card-usd","1.00000000","""2025-09-15T16:33:40.621Z"""
"6cba4bf8-dbcc-4860-bc8e-9f0abbb48262","eth","ltc","38.68000000","""2025-09-14T15:51:17.998Z"""
"6cea26b6-2160-4c53-83b4-c1b295e27cc9","eth","card-eur","3496.00000000","""2025-09-14T16:54:53.140Z"""
"6de4c1bc-962a-4c06-b35c-7093d3a1c306","usdt-trc20","card-mdl","18.00000000","""2025-09-14T18:35:36.449Z"""
"6e1414a2-b92c-43a8-b28c-51e029701e76","usdt-trc20","card-usd","1.00100000","""2025-09-14T17:15:55.200Z"""
"6e63d479-1403-4289-9358-01cdff1f0a85","usdt-trc20","card-mdl","18.00000000","""2025-09-15T07:11:45.179Z"""
"6ef03877-655b-489a-a8c9-8ddeb75ed59a","btc","card-mdl","1710000.00000000","""2025-09-15T04:26:27.076Z"""
"6f063e7b-8f48-4f7e-9cab-5c10215c211c","eth","usdt-erc20","4591.85000000","""2025-09-14T16:05:58.805Z"""
"6f535940-892a-4425-bc53-d0625a4cf875","usdc","card-usd","0.99970900","""2025-09-15T16:33:40.709Z"""
"701598f7-f475-42c7-8c0f-dba3bb91bbb4","usdc","card-usd","0.99971000","""2025-09-14T16:23:08.773Z"""
"70a602fb-8144-46a2-a7ab-0fa941b4a314","btc","card-usd","95000.00000000","""2025-09-14T16:54:53.048Z"""
"72e039c6-c10d-4a1d-944c-58230d690497","usdt-erc20","card-usd","1.00100000","""2025-09-14T16:01:58.457Z"""
"7308c44f-977a-4cfe-94d7-94cae34fe236","btc","card-eur","87400.00000000","""2025-09-14T17:55:22.915Z"""
"7393b270-ecf7-4c8c-a2d7-c505c552ace6","btc","card-eur","87400.00000000","""2025-09-14T16:23:08.864Z"""
"74fe9e44-f382-4929-9ad2-714f075995c0","usdc","card-eur","0.92000000","""2025-09-14T16:54:53.000Z"""
"752ab0d5-b5c2-404c-975e-9653890823c6","btc","card-eur","87400.00000000","""2025-09-15T03:54:22.573Z"""
"7578fa72-86f1-495e-9d09-3f027944cb19","usdt-erc20","btc","0.00000863","""2025-09-14T15:50:28.396Z"""
"7627d225-9682-4310-a885-c46a6cb5150d","btc","card-mdl","1710000.00000000","""2025-09-15T06:28:28.533Z"""
"7686fed1-c6ec-45eb-9593-2eced9f3d5b5","usdt-erc20","card-usd","1.00100000","""2025-09-15T05:16:14.584Z"""
"76c48769-7838-4e67-9232-6fa64f720f1e","usdt-trc20","card-usd","1.00000000","""2025-09-14T16:07:56.348Z"""
"77172c99-6d9a-40bf-8a58-b87c2c2bdb51","eth","usdt-trc20","3800.00000000","""2025-09-14T16:39:53.986Z"""
"776e3696-272a-4852-88b1-833fa7e8c843","btc","card-mdl","1710000.00000000","""2025-09-14T16:39:53.779Z"""
"77bdd9b9-7e68-461d-bdcf-8b1021ec2b67","usdc","card-usd","0.99971000","""2025-09-14T18:54:20.828Z"""
"77d9359c-0a64-4af2-9b11-cfe5dcd0ef9f","eth","card-usd","3800.00000000","""2025-09-14T17:15:55.433Z"""
"794f0ac9-c784-404c-9cc8-03b4b85b42e6","usdc","ada","1.12360000","""2025-09-14T15:50:30.588Z"""
"7a18293e-a8ca-4263-85a2-05b01a4c82e4","eth","usdt-erc20","3800.00000000","""2025-09-14T18:35:36.888Z"""
"7a4e77a5-36e4-4fe8-b211-997c3ae2bef6","btc","card-mdl","1710000.00000000","""2025-09-15T07:26:44.580Z"""
"7b2cd3c8-8e1a-4037-9fa4-cf969f6d1480","btc","card-mdl","1710000.00000000","""2025-09-14T16:07:56.485Z"""
"7ca3ded2-9295-4a0b-b535-008250271377","eth","card-usd","3800.00000000","""2025-09-14T18:35:36.732Z"""
"7d1a9e6a-a398-4d40-bdb3-1fc97306ad66","eth","card-usd","3800.00000000","""2025-09-14T16:39:53.873Z"""
"7d61b4d9-ea68-4683-8563-d2a237573a1e","eth","card-usd","3800.00000000","""2025-09-14T17:40:23.730Z"""
"7d6923b2-9a44-46f3-83d2-e9f782bad1ed","eth","usdt-trc20","4591.85000000","""2025-09-14T16:05:58.783Z"""
"7d8930a0-9d1f-4746-9470-c0c77fe2985a","btc","ada","130194.11000000","""2025-09-14T15:51:16.544Z"""
"7e8e39a0-fabf-4b53-b529-cf8e29349e6f","btc","usdt-erc20","115871.86000000","""2025-09-14T15:50:20.041Z"""
"7ef0725e-b0f0-4494-a666-e11277f7d007","usdc","card-usd","1.00000000","""2025-09-14T15:50:39.728Z"""
"7feaa1ef-1c0d-4290-ad9d-26b27c3742fa","eth","card-usd","3800.00000000","""2025-09-14T16:01:58.659Z"""
"8071d783-8d78-474b-b064-64514b1c7e70","usdt-erc20","card-usd","1.00100000","""2025-09-14T17:55:22.757Z"""
"80a4c2bf-dd5f-41a5-9804-272f88d5d958","usdc","card-usd","0.99980000","""2025-09-14T17:55:22.826Z"""
"80ff58fa-655c-48fd-bb1f-c8311390fe41","usdt-trc20","card-usd","1.00100000","""2025-09-15T06:28:28.394Z"""
"810f2888-32f7-485e-8a25-d09cdf8e6c17","btc","usdt-erc20","115348.00000000","""2025-09-14T16:07:56.638Z"""
"81339137-3536-41d4-a2b1-cd7272836eba","eth","card-eur","3496.00000000","""2025-09-15T07:11:45.495Z"""
"8185a55b-8579-4018-8c2b-3b07717082d3","usdt-erc20","card-rub","95.00000000","""2025-09-14T15:50:53.090Z"""
"83286427-9c0e-43df-b3f2-98aa21349e02","eth","usdt-erc20","3800.00000000","""2025-09-15T07:11:45.613Z"""
"8384e3ec-f311-4246-a91b-b791ab23d372","usdc","card-usd","0.99980700","""2025-09-15T03:54:22.480Z"""
"8442ceda-9573-468a-9614-53843c46632d","ltc","card-gbp","102.02000000","""2025-09-14T15:50:55.840Z"""
"85491611-6c2a-487c-8cea-fe2ee5d51e13","eth","ada","5217.64000000","""2025-09-14T15:51:17.998Z"""
"85c87901-d5c9-46cc-beb2-c24e00d6fe9e","btc","card-gbp","98491.08000000","""2025-09-14T15:50:55.840Z"""
"873b1b3e-d122-4454-b9cd-29e8f2999594","usdt-erc20","card-mdl","18.00000000","""2025-09-14T18:35:36.483Z"""
"87c128d9-daaa-4760-8a6a-fa72ff098385","usdc","ltc","0.00833300","""2025-09-14T15:50:30.588Z"""
"8872c0d4-e5e8-4e21-9e19-7f35dd66f7eb","usdt-trc20","card-mdl","18.00000000","""2025-09-14T16:07:56.268Z"""
"8a3d9798-e5d1-44dd-95e2-1a47a5a160a0","ltc","card-rub","11401.90000000","""2025-09-14T15:50:53.090Z"""
"8a5ab11c-8e2c-4192-b20a-888fa05a1efc","bnb","card-mdl","17205.00000000","""2025-09-14T15:51:04.680Z"""
"8a707f38-4267-4742-b4e3-0a15f915a71a","usdt-erc20","card-usd","1.00000000","""2025-09-15T16:18:43.881Z"""
"8ac9b071-e00c-4d94-867a-3b44b3ce0d7e","ada","card-usd","0.89000000","""2025-09-14T15:50:39.728Z"""
"8b35b7e8-535e-4f9f-84de-7d3bad44c0ed","btc","usdt-erc20","115220.77922078","""2025-09-14T16:23:08.976Z"""
"8c3a01fc-3ce1-4d4f-ba2a-42fec2d548dc","btc","usdt-erc20","95000.00000000","""2025-09-15T16:33:40.909Z"""
"8c57729f-93b1-494a-8022-08c6d13a5625","btc","usdt-erc20","95000.00000000","""2025-09-15T07:26:44.741Z"""
"8c78785c-3d09-4587-926a-7a48cc7f9b00","btc","card-usd","95000.00000000","""2025-09-15T16:18:44.013Z"""
"8c7f8888-c5ec-4cbc-acf5-62f7a697bc2f","btc","card-mdl","1710000.00000000","""2025-09-14T17:55:22.871Z"""
"8e2be8b2-9f14-4cb3-9388-c7fa66de7f79","btc","card-eur","99042.72000000","""2025-09-14T15:50:43.618Z"""
"8e5f6648-1c25-484d-a177-ceb7d17cdefc","eth","usdt-trc20","4594.84000000","""2025-09-14T16:07:56.681Z"""
"8e7f29ad-1af2-4c5d-ae24-679265874b97","btc","usdt-trc20","115385.61438561","""2025-09-14T16:39:53.917Z"""
"8eec4eec-fe47-4b05-b18d-f5a8ff239991","eth","usdc","3800.00000000","""2025-09-15T03:54:22.782Z"""
"8fa2f81f-39fd-4d53-8ff4-b3b7998fad31","btc","usdc","95000.00000000","""2025-09-15T05:16:14.879Z"""
"90533b5e-72b9-4398-8da6-2dc1483c11d5","btc","usdt-erc20","95000.00000000","""2025-09-15T16:18:44.137Z"""
"909942ef-9eaa-43d1-93cb-d0ee22fd9d83","usdt-erc20","card-mdl","18.00000000","""2025-09-14T16:07:56.326Z"""
"90f3af81-1d05-4fa9-90d7-f733d5b39d83","eth","card-usd","3800.00000000","""2025-09-14T16:05:58.674Z"""
"91ec2d07-3cb9-4016-b06b-80fd803632f2","btc","card-mdl","1710000.00000000","""2025-09-14T16:05:58.587Z"""
"91f746a5-3046-4700-9050-f8dd31ced693","eth","usdt-erc20","3800.00000000","""2025-09-15T16:18:44.200Z"""
"91f84780-cbfd-4888-ad4a-0b0354467120","usdc","card-usd","0.99976900","""2025-09-15T07:11:45.328Z"""
"9221d3ea-d112-406f-9a37-08a1c49b6d78","btc","usdt-erc20","95000.00000000","""2025-09-15T05:16:14.857Z"""
"92b417e9-c8db-4aa2-bed3-3fb097a9a65e","eth","usdt-trc20","3800.00000000","""2025-09-14T18:54:21.119Z"""
"93617e61-254b-4e4e-b874-6bc8c0701157","usdc","card-eur","0.92000000","""2025-09-15T07:26:44.557Z"""
"93a234bd-108b-4e39-8a09-3c9f8d9d58ac","usdt-trc20","card-usd","1.00000000","""2025-09-15T16:18:43.859Z"""
"93b182ce-75b5-4c1a-9a3e-c53b897002c0","usdc","card-usd","0.99980000","""2025-09-14T17:40:23.603Z"""
"93e660ae-a329-4f40-97c3-0110aa379338","btc","usdc","95000.00000000","""2025-09-14T18:35:36.841Z"""
"977b400e-129f-4ef6-94f5-da53f4efaa71","btc","usdc","115348.00000000","""2025-09-14T16:07:56.660Z"""
"99422d19-63dc-4d58-b3b0-723cf5b82686","eth","card-mdl","85885.33000000","""2025-09-14T15:51:04.680Z"""
"9a45d9f1-1d90-4da0-99f0-c32fa42e9b0f","usdc","usdt-erc20","0.99960000","""2025-09-14T15:51:25.465Z"""
"9a4a7b7a-9f2a-48ed-9a79-182591a973a1","btc","usdt-trc20","116370.62937063","""2025-09-15T06:28:28.670Z"""
"9b20bc9c-a2e1-4027-b60d-91dcaf137726","eth","card-usd","3800.00000000","""2025-09-15T05:16:14.792Z"""
"9cfe809f-6077-4174-959b-8732b1384c0a","usdt-trc20","card-eur","0.92000000","""2025-09-14T18:10:23.305Z"""
"9d3d6b21-859c-40e0-bb96-c6875ef7a981","eth","usdt-erc20","3800.00000000","""2025-09-14T18:54:21.144Z"""
"9d8e5597-c0d0-47c7-9c48-9f06128d0c3b","btc","card-mdl","1710000.00000000","""2025-09-14T18:10:23.400Z"""
"9ec47e06-ebb3-437b-a1d2-6c541f8a7b8e","eth","card-rub","441032.75000000","""2025-09-14T15:50:53.090Z"""
"9f5ec034-5966-417f-8fc5-0432cc745a70","usdt-erc20","card-eur","0.92000000","""2025-09-14T16:01:58.505Z"""
"9f88f0f4-ec36-4a84-a066-3e27cc872805","btc","usdt-trc20","114872.00000000","""2025-09-15T16:33:40.886Z"""
"9fc70671-a520-44e2-9dc6-0ca183a5d4ff","usdc","card-usd","0.99980700","""2025-09-14T17:15:55.294Z"""
"9fce7f30-88c1-4c44-afa4-124933439a50","ltc","usdc","120.02000000","""2025-09-14T15:50:30.588Z"""
"a00815b6-33af-4553-8e47-dab5f3bcdf15","eth","card-usd","3800.00000000","""2025-09-14T18:54:20.995Z"""
"a02bac1f-f429-4d32-82b0-63e7dfca868c","eth","usdt-trc20","3800.00000000","""2025-09-15T16:18:44.179Z"""
"a0b1f003-b206-4d37-849d-17b6cc53a352","usdt-trc20","card-eur","0.85500000","""2025-09-14T15:50:43.618Z"""
"a0fac807-9a94-460f-903c-a39bc24f798e","usdc","card-usd","1.00000000","""2025-09-14T16:01:58.527Z"""
"a139b93c-59cb-46bf-a794-4aad43095c7e","usdc","card-eur","0.92000000","""2025-09-15T06:28:28.510Z"""
"a159341b-b96c-4502-b64d-d87e0eba224b","btc","usdt-erc20","95000.00000000","""2025-09-14T17:55:23.029Z"""
"a2022ee5-a2e3-40e6-b898-6a3f9283cb02","usdt-trc20","card-mdl","18.00000000","""2025-09-15T06:28:28.337Z"""
"a25a1f25-cb94-4e08-be29-d7a23f107740","eth","usdt-trc20","3800.00000000","""2025-09-14T16:23:09.026Z"""
"a2d568cd-85ce-41a6-8665-a6869a135ca3","eth","card-mdl","68400.00000000","""2025-09-15T06:28:28.599Z"""
"a3683622-d055-472e-b7b2-bf069b072a5d","usdc","bnb","0.00107500","""2025-09-14T15:50:30.588Z"""
"a3fb84b9-8c0b-4d6d-843d-2c2c71d82823","usdt-erc20","card-mdl","18.00000000","""2025-09-15T16:33:40.598Z"""
"a4af2fe1-6c89-46ef-8aa8-e342edea703e","ltc","usdt-trc20","120.02000000","""2025-09-14T15:50:20.041Z"""
"a52a844b-e428-4d0f-8afd-6b69695310e6","usdt-erc20","card-eur","0.92000000","""2025-09-14T18:54:20.802Z"""
"a63900c3-15bf-45fa-8716-246633dd837c","eth","card-mdl","68400.00000000","""2025-09-14T16:01:58.637Z"""
"a8f1f1e2-89b6-43ba-a75b-a86da339a701","bnb","card-rub","88350.00000000","""2025-09-14T15:50:53.090Z"""
"a98ada32-94c9-4ada-a5c9-bfd8f0388852","btc","usdt-trc20","115410.58941059","""2025-09-15T03:54:22.665Z"""
"a9b19d51-4314-4b19-9c48-92b6a3dd8df3","eth","usdc","3800.00000000","""2025-09-15T16:18:44.224Z"""
"aa62f04c-31f8-4924-a8a5-96299eda8869","eth","usdt-erc20","3800.00000000","""2025-09-14T18:10:23.641Z"""
"aaff2b19-a129-42c5-91d9-16c3e9c27d99","usdt-erc20","card-mdl","18.50000000","""2025-09-14T15:51:04.680Z"""
"ab9e2fe0-e55d-4b97-8f5b-6e6df5f311a6","btc","card-usd","95000.00000000","""2025-09-14T16:01:58.593Z"""
"abd9ecb6-cf1d-4980-a173-1bc282293252","eth","usdt-erc20","3800.00000000","""2025-09-14T16:39:54.009Z"""
"acd97e5e-96a1-4895-9e6c-d168b8f004a6","btc","usdc","95000.00000000","""2025-09-14T17:40:23.816Z"""
"ae34c1f8-de26-43f5-9ddb-5205cc364eca","usdt-erc20","card-eur","0.92000000","""2025-09-14T18:35:36.573Z"""
"ae3f1cac-2e12-44c7-91a1-69cb760b903a","usdt-erc20","card-mdl","18.00000000","""2025-09-14T16:54:52.861Z"""
"ae429bb8-920f-4d34-879f-d21e58588417","usdt-trc20","card-eur","0.92000000","""2025-09-14T16:39:53.686Z"""
"aefd3344-c847-4b1d-8be2-ee581c8dd8ce","eth","usdt-erc20","3800.00000000","""2025-09-14T17:15:55.571Z"""
"af3248ac-229c-4ce9-b027-cdbd99c0e3d4","bnb","usdc","930.00000000","""2025-09-14T15:50:30.588Z"""
"af6ebcf3-06a7-48b4-9cbc-2d5a2f13ae00","usdt-erc20","card-mdl","18.00000000","""2025-09-15T04:26:26.910Z"""
"af9f0fe2-8497-4a60-b701-b5e13abcfa03","eth","usdt-trc20","4642.45000000","""2025-09-14T15:50:20.041Z"""
"b0427500-8119-40fb-bf38-612a021c2a85","eth","usdc","3800.00000000","""2025-09-15T07:11:45.647Z"""
"b101924f-d52b-4aad-9c26-4e4642b5a823","usdc","card-usd","0.99970100","""2025-09-15T04:26:27.028Z"""
"b1ea6840-e3c5-404e-8701-0edea09dcad6","eth","usdc","3800.00000000","""2025-09-15T16:33:40.996Z"""
"b1f20a57-d8a6-436a-94da-abd67f31c636","usdc","card-eur","0.92000000","""2025-09-14T16:23:08.797Z"""
"b21cde98-3433-4547-8d06-1df608fb405b","eth","usdt-erc20","3800.00000000","""2025-09-14T16:54:53.256Z"""
"b227ec7d-a484-457e-9663-11afde6c0212","eth","card-usd","3800.00000000","""2025-09-15T03:54:22.618Z"""
"b2d366d4-136d-4da2-bb48-00893cd82bf2","eth","card-eur","3496.00000000","""2025-09-14T16:05:58.696Z"""
"b445aa9b-7f29-4b90-97bb-a76f1aa80a6f","ada","card-eur","0.76000000","""2025-09-14T15:50:43.618Z"""
"b56a8d6d-0311-477d-8386-805586aba9d8","btc","usdc","95000.00000000","""2025-09-14T17:15:55.524Z"""
"b575e3e5-3129-4527-974a-77f6dd05da50","btc","usdt-erc20","95000.00000000","""2025-09-15T06:28:28.693Z"""
"b59b1276-b406-4982-b3cc-36f3f3efe755","usdt-trc20","card-eur","0.92000000","""2025-09-14T18:54:20.777Z"""
"b5e13729-c6af-4896-b9e5-56e86a17c6c4","eth","card-mdl","68400.00000000","""2025-09-14T16:23:08.886Z"""
"b6a21e01-527f-4dfc-9810-5f7043a324f0","usdt-erc20","card-eur","0.92000000","""2025-09-14T17:15:55.271Z"""
"b7681949-ab63-43b3-a466-5d0900f78312","usdc","card-usd","0.99979500","""2025-09-15T05:16:14.649Z"""
"b76fb37e-0dc9-4ca9-a7db-ca7a385c9ea9","ada","usdc","0.89000000","""2025-09-14T15:50:30.588Z"""
"b8d40bba-7fe4-40cb-8e38-8d95e712c45e","usdt-trc20","card-usd","1.00100000","""2025-09-14T18:54:20.726Z"""
"b94251eb-088c-4063-9bb8-3f8553a36a3d","usdt-trc20","card-usd","1.00100000","""2025-09-14T16:39:53.636Z"""
"bc0786d4-898c-4079-b529-155b47d753cf","eth","usdc","3800.00000000","""2025-09-15T06:28:28.789Z"""
"bc641ca7-16cc-4cd4-9313-85379250605c","eth","card-mdl","68400.00000000","""2025-09-14T17:40:23.709Z"""
"bc7a00db-a937-4e49-988c-6df351287b15","btc","card-eur","87400.00000000","""2025-09-15T16:18:44.033Z"""
"bd926974-55d1-4c8a-87a6-9664f0193688","usdc","card-usd","0.99975800","""2025-09-14T16:05:58.543Z"""
"be7c5497-82a7-462c-adb6-f7525ae963d8","btc","usdt-trc20","115385.61438561","""2025-09-14T18:35:36.795Z"""
"beb42190-e491-4866-9216-abccedb5b89f","eth","usdt-erc20","3800.00000000","""2025-09-15T16:33:40.974Z"""
"bf3d96e4-cc0a-49dd-b2e3-e28ce339011c","eth","usdt-trc20","3800.00000000","""2025-09-15T07:11:45.586Z"""
"bf7294d8-bafd-47a1-9319-1e7eb5f1f505","usdt-trc20","card-eur","0.92000000","""2025-09-15T16:33:40.665Z"""
"c01913bc-199c-416b-a6f8-3dc79565f361","usdc","card-eur","0.92000000","""2025-09-15T16:18:43.969Z"""
"c0ba862e-9205-43f6-a0a9-6fa03a81ad2c","usdt-trc20","usdc","1.00040000","""2025-09-14T15:51:25.465Z"""
"c144854f-5e39-4381-b4eb-2c5398d6ed1b","usdt-erc20","card-usd","1.00100000","""2025-09-14T17:15:55.223Z"""
"c19a2aea-cd9c-414b-baf9-a5b121a1f2fb","btc","usdt-erc20","95000.00000000","""2025-09-14T17:15:55.502Z"""
"c248e97d-796f-4ea2-aae8-5909aa101815","btc","usdc","95000.00000000","""2025-09-14T18:10:23.595Z"""
"c2bbf4b5-6ee8-4b70-b4a5-664759e9ab25","eth","card-eur","3496.00000000","""2025-09-15T03:54:22.641Z"""
"c35c4a19-1daa-49e1-9977-55fca09d51bc","usdc","card-eur","0.92000000","""2025-09-14T17:15:55.316Z"""
"c3a330b8-ff37-4e45-9aeb-b63c87478293","btc","usdc","95000.00000000","""2025-09-14T16:54:53.210Z"""
"c55268c5-bfee-4eb5-ac31-af21e32027a0","usdt-trc20","card-mdl","18.00000000","""2025-09-14T17:40:23.462Z"""
"c84510de-f78b-4951-9080-dabc4c4bb8bc","usdt-trc20","btc","0.00000863","""2025-09-14T15:50:28.396Z"""
"c8551823-d3fc-4e13-94d3-026cc3276cf7","usdt-erc20","card-usd","1.00100000","""2025-09-14T16:23:08.703Z"""
"c88146fa-e8ce-47a6-a262-3e83625d0f8b","usdt-trc20","card-eur","0.92000000","""2025-09-14T17:15:55.247Z"""
"c8f6dd83-0e66-4933-a473-58113ca1c32f","usdc","card-usd","0.99981000","""2025-09-14T16:07:56.441Z"""
"ca31bf41-b4e7-4329-96ad-0239ac0b2f43","btc","bnb","124.59000000","""2025-09-14T15:51:16.544Z"""
"cb55426a-9e5e-4b65-9a75-6330ee2aedbb","usdt-erc20","card-eur","0.92000000","""2025-09-14T18:10:23.329Z"""
"cb78a7dd-25e3-47e2-ba70-74c7ff065eeb","usdc","card-eur","0.92000000","""2025-09-14T16:01:58.549Z"""
"cbb1d8a8-e08e-4bd5-8a39-fcb8d3481f97","eth","card-usd","3800.00000000","""2025-09-15T16:33:40.842Z"""
"cc13c85f-7cf4-4959-86c0-eff026e9d585","usdt-trc20","card-mdl","18.00000000","""2025-09-15T07:26:44.381Z"""
"cc15471a-0ebf-40fb-b10d-11bf8913f03b","usdt-erc20","card-mdl","18.00000000","""2025-09-15T06:28:28.369Z"""
"cc1d3ed2-c034-4a96-adc5-1f70ed55e4bc","eth","card-mdl","68400.00000000","""2025-09-15T07:11:45.448Z"""
"cc1ed498-1b47-484f-924e-caf5a181f1ce","usdt-trc20","card-rub","95.00000000","""2025-09-14T15:50:53.090Z"""
"cc78cd85-f30b-4db6-93d5-b522a51023ca","eth","card-eur","3496.00000000","""2025-09-14T16:03:56.198Z"""
"cc882d4c-fb49-4208-955e-d7ff877bdc2f","btc","usdt-erc20","95000.00000000","""2025-09-14T18:10:23.571Z"""
"cd62cc0d-8153-432a-bf80-5f8906a63cbf","btc","usdc","95000.00000000","""2025-09-15T16:33:40.930Z"""
"cd6b45d8-19bc-40e9-911b-ffb90f3ad0ee","btc","eth","24.96000000","""2025-09-14T15:51:16.544Z"""
"cd9820e7-7596-487a-a7c2-2d8cc877a490","eth","card-eur","3496.00000000","""2025-09-14T18:54:21.019Z"""
"cdcb2820-0169-4a11-aef0-daa8d4180b2d","eth","bnb","4.99000000","""2025-09-14T15:51:17.998Z"""
"ce40a43b-8b28-4466-b50e-e98ce63ea47e","btc","card-mdl","1710000.00000000","""2025-09-14T18:54:20.880Z"""
"cf58065d-fcf0-411f-aab8-3674dd5495db","btc","usdt-trc20","115385.61438561","""2025-09-14T18:54:21.043Z"""
"d0357c3c-7074-46e9-87ea-dcf60f502f23","btc","usdt-trc20","114872.00000000","""2025-09-15T16:18:44.116Z"""
"d1095fd6-fe25-4187-bb37-9f2c2be2b16f","usdc","btc","0.00000863","""2025-09-14T15:50:30.588Z"""
"d1f914dd-8612-42ab-a692-1ae3dcf877c9","btc","usdt-trc20","116189.00000000","""2025-09-15T07:11:45.518Z"""
"d22ce590-176d-4e34-a86d-dbfd71c523ad","eth","usdt-trc20","3800.00000000","""2025-09-14T16:01:58.767Z"""
"d29b9c4a-c369-4166-b695-e481833714c1","eth","usdc","3800.00000000","""2025-09-15T07:26:44.835Z"""
"d2a48a21-b2ab-458e-8d0c-151ea7ec7302","btc","card-usd","115871.86000000","""2025-09-14T15:50:39.728Z"""
"d2b115b1-8c7c-4751-9942-c7744bb668df","usdt-trc20","card-mdl","18.00000000","""2025-09-14T18:54:20.664Z"""
"d2ba9c7e-e5ce-402a-af52-de9214233f5c","usdt-trc20","card-eur","0.92000000","""2025-09-14T16:54:52.931Z"""
"d348c5a8-af8e-4bd7-a269-d3f521862ea9","btc","card-eur","87400.00000000","""2025-09-14T16:05:58.630Z"""
"d3bd892e-c662-4330-a30e-4c72bac4fc36","eth","card-eur","3496.00000000","""2025-09-14T17:15:55.456Z"""
"d459f3ad-8c85-4bfe-af22-bc73ef50c2d8","usdc","card-eur","0.92000000","""2025-09-14T17:55:22.849Z"""
"d48ee6f4-c8cb-47e1-afbf-2cb7246b616a","btc","usdt-erc20","95000.00000000","""2025-09-15T03:54:22.688Z"""
"d498dbfd-bbe8-44ab-8cde-17230e4436a6","btc","usdc","95000.00000000","""2025-09-15T06:28:28.719Z"""
"d49add69-fc4a-49cf-adc5-1f9c123232b0","btc","card-mdl","1710000.00000000","""2025-09-15T16:18:43.992Z"""
"d4efe8b0-e518-455b-a03a-1902b0b4d17b","eth","card-usd","3800.00000000","""2025-09-15T04:26:27.175Z"""
"d581a282-a183-4d37-b682-a5f1f4994857","btc","card-usd","95000.00000000","""2025-09-15T07:11:45.399Z"""
"d6287d28-a9ca-42a7-95cd-49b277bb2323","usdt-trc20","card-mdl","18.00000000","""2025-09-14T18:10:23.200Z"""
"d700df65-8448-47df-9060-33d10144aaff","eth","card-mdl","68400.00000000","""2025-09-14T16:03:56.155Z"""
"d72bce6d-3521-4d5f-b0b3-113933f32f09","usdc","card-eur","0.92000000","""2025-09-15T07:11:45.351Z"""
"d767033d-2ffa-43eb-814e-9ae8061237ae","btc","usdt-trc20","115227.77222777","""2025-09-14T16:23:08.954Z"""
"d7976c21-5e9a-48a0-a5f5-ac9352d6c086","eth","usdt-trc20","3800.00000000","""2025-09-14T16:54:53.233Z"""
"d80ffd44-652b-40e3-b63b-45a2081708ab","usdt-trc20","card-mdl","18.00000000","""2025-09-15T16:33:40.567Z"""
"d83d6028-67c2-45f5-a58e-182fb53bdde6","eth","card-eur","3496.00000000","""2025-09-14T17:40:23.751Z"""
"d8bf4f01-5fe4-4c39-8e8d-7b9a0c3e1836","usdt-erc20","card-mdl","18.00000000","""2025-09-15T03:54:22.363Z"""
"d8cac0cd-075a-4d5c-8878-07d8e85ab984","eth","card-eur","3496.00000000","""2025-09-14T17:55:22.983Z"""
"d91b2d27-318a-4f1e-960a-2a8b09ff1290","btc","usdt-trc20","116189.00000000","""2025-09-15T07:26:44.719Z"""
"d932f01e-3bb8-4236-88ba-9416407f21b9","bnb","card-usd","930.00000000","""2025-09-14T15:50:39.728Z"""
"d9fe89c3-4174-4cc4-8bb2-584f4a37a8b3","usdt-erc20","card-usd","1.00100000","""2025-09-14T16:03:55.960Z"""
"da0ba2c3-2c54-48c7-a9b1-2edc16c4bec6","btc","ltc","965.52000000","""2025-09-14T15:51:16.544Z"""
"da4c00d4-8832-44fe-9411-9648a9229233","eth","usdc","4591.85000000","""2025-09-14T16:05:58.826Z"""
"da94d607-b4ac-4f0a-ac30-75bc10f8d2b6","eth","card-mdl","68400.00000000","""2025-09-14T16:07:56.551Z"""
"db44cec9-4b6e-479b-b712-62c533a4f714","usdt-erc20","usdc","1.00040000","""2025-09-14T15:51:25.465Z"""
"db7869a9-ad8f-467d-b027-709f6e615485","btc","usdc","95000.00000000","""2025-09-15T03:54:22.712Z"""
"db80a508-cf5c-4fe7-abc9-aa911808f4e0","usdt-erc20","card-usd","1.00100000","""2025-09-14T17:40:23.538Z"""
"dc3fa87e-40c3-4a0e-b79d-20b10b76219e","usdt-erc20","card-usd","1.00100000","""2025-09-14T16:39:53.663Z"""
"dc62f4f7-139d-4fcd-bf35-5c510fd3e91f","eth","usdt-erc20","3800.00000000","""2025-09-15T04:26:27.319Z"""
"dc649792-c1d5-4bc7-919f-3b69cb7cabf5","btc","usdt-trc20","115270.00000000","""2025-09-14T16:03:56.220Z"""
"dc81fe88-db42-4177-b15b-1a30005a1d1f","usdt-trc20","card-eur","0.92000000","""2025-09-14T16:03:55.983Z"""
"dd3ced54-489d-4625-89b4-5c2cd3ed098c","btc","card-usd","95000.00000000","""2025-09-15T04:26:27.103Z"""
"dd425087-f6c1-4abb-be17-1a5d296210b5","ltc","card-mdl","2220.37000000","""2025-09-14T15:51:04.680Z"""
"e0576d95-2b33-40ec-9703-4316293b387b","usdt-trc20","card-eur","0.92000000","""2025-09-14T16:01:58.482Z"""
"e107c098-6b2d-4882-a215-c91fcf7fcd8f","eth","card-eur","3496.00000000","""2025-09-14T16:07:56.595Z"""
"e173943b-4129-40af-9536-f8dba232d17b","btc","usdc","95000.00000000","""2025-09-14T18:54:21.093Z"""
"e2c2e047-9e22-494b-8c06-009e26402d01","usdt-erc20","card-eur","0.92000000","""2025-09-15T06:28:28.464Z"""
"e38c097d-03d4-4d3d-afae-cdbf4bca08c0","ltc","usdt-erc20","120.02000000","""2025-09-14T15:50:20.041Z"""
"e492ea31-6724-492c-a693-849aa0e1bf4e","btc","usdc","95000.00000000","""2025-09-15T04:26:27.271Z"""
"e4abfe3c-7dd2-407b-b228-1907832e620c","usdt-erc20","card-usd","1.00100000","""2025-09-14T18:10:23.282Z"""
"e4e7df56-151d-4caf-98d3-0ea445d279ec","btc","usdc","115265.00000000","""2025-09-14T16:01:58.746Z"""
"e4ffd16e-4967-4021-a5b8-79e49d36caef","usdt-erc20","card-mdl","18.00000000","""2025-09-15T07:11:45.210Z"""
"e5146eef-21fb-442c-980b-87faa1f787b8","usdt-erc20","card-eur","0.92000000","""2025-09-14T16:03:56.021Z"""
"e51fdbf0-d3dc-4e9c-b73f-2701dddd3f04","eth","usdc","3800.00000000","""2025-09-14T16:54:53.279Z"""
"e5310e16-0631-4011-aac4-7e0f9eee6359","btc","usdc","115333.00000000","""2025-09-14T16:05:58.760Z"""
"e577fad1-abb3-455f-b2e4-3fac267e8d22","btc","usdc","95000.00000000","""2025-09-15T16:18:44.158Z"""
"e57e58a4-e89b-468d-a530-5f7d2ffdea04","usdt-trc20","card-mdl","18.00000000","""2025-09-14T16:03:55.894Z"""
"e585cc75-417d-4309-a929-25e90f082614","usdt-trc20","card-mdl","18.00000000","""2025-09-15T05:16:14.505Z"""
"e595b15e-f1fd-4fe0-a2d1-6bd7a05b8b1d","usdt-erc20","card-mdl","18.00000000","""2025-09-14T18:10:23.234Z"""
"e67ee141-9cdb-4b85-a520-36d537c76797","btc","usdt-trc20","95000.00000000","""2025-09-14T16:05:58.717Z"""
"e6f2155c-94b1-4035-9186-be36bcdce101","eth","card-usd","3800.00000000","""2025-09-14T16:23:08.908Z"""
"e97a3f64-aff4-474e-b7c4-3c7f5958e82b","ltc","card-eur","102.58000000","""2025-09-14T15:50:43.618Z"""
"e9d427e5-1bdf-41fd-b698-fea96fdf165a","eth","usdt-erc20","3800.00000000","""2025-09-14T16:07:56.703Z"""
"ea31f567-0884-4903-aa4d-9767e718bea8","usdc","card-usd","0.99980000","""2025-09-14T16:39:53.733Z"""
"ea710516-0603-47cc-950e-57c0730d6ca4","usdc","card-usd","0.99970900","""2025-09-15T16:18:43.947Z"""
"ea890e87-1c46-4a0c-b30a-440a49050fee","btc","card-usd","95000.00000000","""2025-09-15T03:54:22.549Z"""
"ea900d52-f39e-47bc-a938-76bdf65de131","btc","card-usd","95000.00000000","""2025-09-14T18:35:36.664Z"""
"ead95629-5159-42b6-bff3-903477b2a166","usdt-erc20","card-eur","0.92000000","""2025-09-14T16:39:53.709Z"""
"eaffca32-65f2-4b15-b847-f87b07496aeb","usdc","card-usd","0.99980100","""2025-09-15T06:28:28.487Z"""
"eb5c1094-735b-4553-ac23-4c598a5e4a49","btc","usdt-trc20","115558.44155844","""2025-09-14T17:55:23.005Z"""
"ed0d241e-1a61-41c7-9ad7-2dde70bca5dc","eth","usdt-trc20","3800.00000000","""2025-09-15T05:16:14.900Z"""
"ed7462c6-cffa-49f4-84fd-dee5bc4ad600","usdt-trc20","card-eur","0.92000000","""2025-09-15T07:26:44.487Z"""
"efda64fa-7292-4aba-aecd-51d2bff00465","btc","card-usd","95000.00000000","""2025-09-14T18:10:23.423Z"""
"f029bb6c-4244-42f8-85ed-17c63ac32046","btc","usdt-erc20","95000.00000000","""2025-09-14T16:01:58.724Z"""
"f1cf0dac-9398-4e75-aa6c-a4f5d68d1b9c","eth","card-mdl","68400.00000000","""2025-09-15T07:26:44.650Z"""
"f2a8090c-3047-43f7-9f81-1cf643686f37","btc","usdt-trc20","115443.55644356","""2025-09-14T18:10:23.547Z"""
"f36d8add-7bdd-4c60-97ed-88b149866732","btc","usdt-erc20","115270.00000000","""2025-09-14T16:03:56.242Z"""
"f37b8a36-6f88-4ae1-bd7e-3eebce0d857a","eth","usdc","3800.00000000","""2025-09-14T18:10:23.664Z"""
"f4865e6b-1d72-4cd0-b81d-410e034dd9ab","usdt-erc20","ltc","0.00833300","""2025-09-14T15:50:28.396Z"""
"f4a31891-c048-4576-8782-09dfa14cd37e","usdt-trc20","card-mdl","18.00000000","""2025-09-14T16:23:08.623Z"""
"f4f2939c-67c0-46cf-aa87-f8e2c5d66b6f","eth","usdt-erc20","3800.00000000","""2025-09-14T17:55:23.097Z"""
"f5093d11-a960-462d-915e-cd6db5a8fdd6","usdt-erc20","eth","0.00021500","""2025-09-14T15:50:28.396Z"""
"f68d2b5d-6315-4f01-8c3c-f18e16aa27a7","eth","usdc","3800.00000000","""2025-09-14T17:55:23.147Z"""
"f7ed4061-6557-4fc5-a6ed-30278febd18f","eth","usdt-trc20","3800.00000000","""2025-09-15T07:26:44.788Z"""
"f953d42b-0024-46a4-9b61-94f2767794d3","usdt-trc20","card-usd","1.00100000","""2025-09-15T05:16:14.562Z"""
"fba33810-8f4e-43bb-a981-9fd66b7e99a0","usdt-trc20","card-eur","0.92000000","""2025-09-14T16:05:58.498Z"""
"fc070360-9b54-4bc6-83a2-5db4eebfbf08","usdt-trc20","card-eur","0.92000000","""2025-09-14T16:23:08.726Z"""
"fc7880cf-3d9b-43b5-a88c-aad834aa5371","usdc","card-usd","0.99981000","""2025-09-14T16:03:56.043Z"""
"fc83cc06-a716-4b7d-a5a1-4d008101fe91","usdt-erc20","card-eur","0.92000000","""2025-09-15T07:26:44.511Z"""
"fcbbca8b-d04b-4063-b084-893f4f41efe9","usdt-erc20","card-eur","0.85500000","""2025-09-14T15:50:43.618Z"""
"fcd58f89-c9a8-4bfb-953c-3222227d9121","btc","usdc","115871.86000000","""2025-09-14T15:50:30.588Z"""
"fece757f-12b5-40ad-9997-f30cb2701012","btc","card-rub","11007826.70000000","""2025-09-14T15:50:53.090Z"""
"ffb28ee8-5d1a-45f2-af32-8401bbbb3013","btc","card-mdl","1710000.00000000","""2025-09-14T17:15:55.339Z"""